Date,CO2,Time
1/1/1920,-0.23,1
1/2/1920,-0.23,2
1/3/1920,-0.08,3
1/4/1920,-0.26,4
1/5/1920,-0.27,5
1/6/1920,-0.36,6
1/7/1920,-0.32,7
1/8/1920,-0.25,8
1/9/1920,-0.2,9
1/10/1920,-0.27,10
1/11/1920,-0.27,11
1/12/1920,-0.44,12
1/1/1921,-0.03,13
1/2/1921,-0.19,14
1/3/1921,-0.23,15
1/4/1921,-0.29,16
1/5/1921,-0.29,17
1/6/1921,-0.28,18
1/7/1921,-0.15,19
1/8/1921,-0.24,20
1/9/1921,-0.17,21
1/10/1921,-0.03,22
1/11/1921,-0.13,23
1/12/1921,-0.17,24
1/1/1922,-0.34,25
1/2/1922,-0.44,26
1/3/1922,-0.13,27
1/4/1922,-0.24,28
1/5/1922,-0.33,29
1/6/1922,-0.33,30
1/7/1922,-0.25,31
1/8/1922,-0.31,32
1/9/1922,-0.32,33
1/10/1922,-0.32,34
1/11/1922,-0.14,35
1/12/1922,-0.18,36
1/1/1923,-0.29,37
1/2/1923,-0.37,38
1/3/1923,-0.35,39
1/4/1923,-0.4,40
1/5/1923,-0.34,41
1/6/1923,-0.26,42
1/7/1923,-0.3,43
1/8/1923,-0.3,44
1/9/1923,-0.28,45
1/10/1923,-0.11,46
1/11/1923,0.01,47
1/12/1923,-0.02,48
1/1/1924,-0.22,49
1/2/1924,-0.24,50
1/3/1924,-0.07,51
1/4/1924,-0.31,52
1/5/1924,-0.18,53
1/6/1924,-0.23,54
1/7/1924,-0.26,55
1/8/1924,-0.34,56
1/9/1924,-0.31,57
1/10/1924,-0.34,58
1/11/1924,-0.2,59
1/12/1924,-0.41,60
1/1/1925,-0.36,61
1/2/1925,-0.38,62
1/3/1925,-0.25,63
1/4/1925,-0.25,64
1/5/1925,-0.3,65
1/6/1925,-0.32,66
1/7/1925,-0.28,67
1/8/1925,-0.15,68
1/9/1925,-0.16,69
1/10/1925,-0.18,70
1/11/1925,0.04,71
1/12/1925,0.09,72
1/1/1926,0.19,73
1/2/1926,0.06,74
1/3/1926,0.11,75
1/4/1926,-0.13,76
1/5/1926,-0.22,77
1/6/1926,-0.23,78
1/7/1926,-0.24,79
1/8/1926,-0.13,80
1/9/1926,-0.13,81
1/10/1926,-0.1,82
1/11/1926,-0.05,83
1/12/1926,-0.28,84
1/1/1927,-0.27,85
1/2/1927,-0.18,86
1/3/1927,-0.37,87
1/4/1927,-0.31,88
1/5/1927,-0.25,89
1/6/1927,-0.26,90
1/7/1927,-0.16,91
1/8/1927,-0.21,92
1/9/1927,-0.11,93
1/10/1927,-0.01,94
1/11/1927,-0.04,95
1/12/1927,-0.33,96
1/1/1928,-0.01,97
1/2/1928,-0.08,98
1/3/1928,-0.27,99
1/4/1928,-0.28,100
1/5/1928,-0.3,101
1/6/1928,-0.37,102
1/7/1928,-0.19,103
1/8/1928,-0.23,104
1/9/1928,-0.19,105
1/10/1928,-0.17,106
1/11/1928,-0.09,107
1/12/1928,-0.18,108
1/1/1929,-0.46,109
1/2/1929,-0.6,110
1/3/1929,-0.32,111
1/4/1929,-0.4,112
1/5/1929,-0.39,113
1/6/1929,-0.41,114
1/7/1929,-0.33,115
1/8/1929,-0.29,116
1/9/1929,-0.23,117
1/10/1929,-0.12,118
1/11/1929,-0.12,119
1/12/1929,-0.54,120
1/1/1930,-0.3,121
1/2/1930,-0.27,122
1/3/1930,-0.09,123
1/4/1930,-0.24,124
1/5/1930,-0.23,125
1/6/1930,-0.2,126
1/7/1930,-0.2,127
1/8/1930,-0.12,128
1/9/1930,-0.12,129
1/10/1930,-0.09,130
1/11/1930,0.15,131
1/12/1930,-0.08,132
1/1/1931,-0.1,133
1/2/1931,-0.24,134
1/3/1931,-0.08,135
1/4/1931,-0.21,136
1/5/1931,-0.2,137
1/6/1931,-0.07,138
1/7/1931,-0.03,139
1/8/1931,-0.03,140
1/9/1931,-0.06,141
1/10/1931,0.02,142
1/11/1931,-0.12,143
1/12/1931,-0.09,144
1/1/1932,0.14,145
1/2/1932,-0.18,146
1/3/1932,-0.19,147
1/4/1932,-0.06,148
1/5/1932,-0.18,149
1/6/1932,-0.29,150
1/7/1932,-0.24,151
1/8/1932,-0.23,152
1/9/1932,-0.12,153
1/10/1932,-0.1,154
1/11/1932,-0.27,155
1/12/1932,-0.26,156
1/1/1933,-0.34,157
1/2/1933,-0.34,158
1/3/1933,-0.3,159
1/4/1933,-0.25,160
1/5/1933,-0.29,161
1/6/1933,-0.33,162
1/7/1933,-0.21,163
1/8/1933,-0.24,164
1/9/1933,-0.27,165
1/10/1933,-0.21,166
1/11/1933,-0.3,167
1/12/1933,-0.46,168
1/1/1934,-0.24,169
1/2/1934,-0.04,170
1/3/1934,-0.33,171
1/4/1934,-0.3,172
1/5/1934,-0.11,173
1/6/1934,-0.15,174
1/7/1934,-0.1,175
1/8/1934,-0.11,176
1/9/1934,-0.16,177
1/10/1934,-0.08,178
1/11/1934,0.03,179
1/12/1934,-0.04,180
1/1/1935,-0.33,181
1/2/1935,0.15,182
1/3/1935,-0.13,183
1/4/1935,-0.36,184
1/5/1935,-0.3,185
1/6/1935,-0.27,186
1/7/1935,-0.22,187
1/8/1935,-0.22,188
1/9/1935,-0.21,189
1/10/1935,-0.08,190
1/11/1935,-0.28,191
1/12/1935,-0.2,192
1/1/1936,-0.28,193
1/2/1936,-0.39,194
1/3/1936,-0.22,195
1/4/1936,-0.2,196
1/5/1936,-0.18,197
1/6/1936,-0.21,198
1/7/1936,-0.08,199
1/8/1936,-0.13,200
1/9/1936,-0.09,201
1/10/1936,-0.04,202
1/11/1936,-0.04,203
1/12/1936,-0.03,204
1/1/1937,-0.13,205
1/2/1937,0.04,206
1/3/1937,-0.18,207
1/4/1937,-0.17,208
1/5/1937,-0.08,209
1/6/1937,-0.05,210
1/7/1937,-0.05,211
1/8/1937,0.02,212
1/9/1937,0.11,213
1/10/1937,0.08,214
1/11/1937,0.09,215
1/12/1937,-0.11,216
1/1/1938,0.01,217
1/2/1938,-0.02,218
1/3/1938,0.08,219
1/4/1938,0.04,220
1/5/1938,-0.1,221
1/6/1938,-0.18,222
1/7/1938,-0.09,223
1/8/1938,-0.06,224
1/9/1938,0.02,225
1/10/1938,0.11,226
1/11/1938,0.04,227
1/12/1938,-0.22,228
1/1/1939,-0.07,229
1/2/1939,-0.08,230
1/3/1939,-0.19,231
1/4/1939,-0.09,232
1/5/1939,-0.06,233
1/6/1939,-0.08,234
1/7/1939,-0.08,235
1/8/1939,-0.07,236
1/9/1939,-0.07,237
1/10/1939,-0.03,238
1/11/1939,0.06,239
1/12/1939,0.44,240
1/1/1940,-0.06,241
1/2/1940,0.13,242
1/3/1940,0.15,243
1/4/1940,0.18,244
1/5/1940,0.1,245
1/6/1940,0.08,246
1/7/1940,0.12,247
1/8/1940,0.05,248
1/9/1940,0.13,249
1/10/1940,0.08,250
1/11/1940,0.17,251
1/12/1940,0.28,252
1/1/1941,0.21,253
1/2/1941,0.32,254
1/3/1941,0.08,255
1/4/1941,0.17,256
1/5/1941,0.14,257
1/6/1941,0.12,258
1/7/1941,0.21,259
1/8/1941,0.14,260
1/9/1941,0.02,261
1/10/1941,0.34,262
1/11/1941,0.24,263
1/12/1941,0.21,264
1/1/1942,0.26,265
1/2/1942,0.02,266
1/3/1942,0.09,267
1/4/1942,0.11,268
1/5/1942,0.09,269
1/6/1942,0.04,270
1/7/1942,0,271
1/8/1942,-0.04,272
1/9/1942,-0.05,273
1/10/1942,-0.01,274
1/11/1942,0.08,275
1/12/1942,0.07,276
1/1/1943,-0.04,277
1/2/1943,0.13,278
1/3/1943,-0.08,279
1/4/1943,0.07,280
1/5/1943,0.04,281
1/6/1943,-0.06,282
1/7/1943,0.08,283
1/8/1943,0,284
1/9/1943,0.06,285
1/10/1943,0.22,286
1/11/1943,0.19,287
1/12/1943,0.24,288
1/1/1944,0.35,289
1/2/1944,0.26,290
1/3/1944,0.27,291
1/4/1944,0.2,292
1/5/1944,0.19,293
1/6/1944,0.2,294
1/7/1944,0.18,295
1/8/1944,0.17,296
1/9/1944,0.3,297
1/10/1944,0.26,298
1/11/1944,0.1,299
1/12/1944,0.02,300
1/1/1945,0.09,301
1/2/1945,-0.02,302
1/3/1945,0.07,303
1/4/1945,0.18,304
1/5/1945,0.05,305
1/6/1945,-0.01,306
1/7/1945,0.03,307
1/8/1945,0.27,308
1/9/1945,0.22,309
1/10/1945,0.19,310
1/11/1945,0.07,311
1/12/1945,-0.09,312
1/1/1946,0.15,313
1/2/1946,0.07,314
1/3/1946,0.01,315
1/4/1946,0.06,316
1/5/1946,-0.08,317
1/6/1946,-0.21,318
1/7/1946,-0.14,319
1/8/1946,-0.16,320
1/9/1946,-0.07,321
1/10/1946,-0.06,322
1/11/1946,-0.06,323
1/12/1946,-0.35,324
1/1/1947,-0.13,325
1/2/1947,-0.08,326
1/3/1947,0.07,327
1/4/1947,0.07,328
1/5/1947,-0.03,329
1/6/1947,0.02,330
1/7/1947,-0.08,331
1/8/1947,-0.09,332
1/9/1947,-0.13,333
1/10/1947,0.06,334
1/11/1947,0.02,335
1/12/1947,-0.16,336
1/1/1948,0.07,337
1/2/1948,-0.15,338
1/3/1948,-0.25,339
1/4/1948,-0.11,340
1/5/1948,0.01,341
1/6/1948,-0.04,342
1/7/1948,-0.11,343
1/8/1948,-0.12,344
1/9/1948,-0.11,345
1/10/1948,-0.07,346
1/11/1948,-0.12,347
1/12/1948,-0.23,348
1/1/1949,0.09,349
1/2/1949,-0.16,350
1/3/1949,-0.02,351
1/4/1949,-0.1,352
1/5/1949,-0.08,353
1/6/1949,-0.23,354
1/7/1949,-0.14,355
1/8/1949,-0.12,356
1/9/1949,-0.14,357
1/10/1949,-0.06,358
1/11/1949,-0.1,359
1/12/1949,-0.22,360
1/1/1950,-0.33,361
1/2/1950,-0.28,362
1/3/1950,-0.07,363
1/4/1950,-0.2,364
1/5/1950,-0.09,365
1/6/1950,-0.03,366
1/7/1950,-0.1,367
1/8/1950,-0.16,368
1/9/1950,-0.12,369
1/10/1950,-0.22,370
1/11/1950,-0.38,371
1/12/1950,-0.2,372
1/1/1951,-0.35,373
1/2/1951,-0.43,374
1/3/1951,-0.21,375
1/4/1951,-0.13,376
1/5/1951,0,377
1/6/1951,-0.02,378
1/7/1951,0.03,379
1/8/1951,0.06,380
1/9/1951,0.08,381
1/10/1951,0.05,382
1/11/1951,-0.02,383
1/12/1951,0.14,384
1/1/1952,0.13,385
1/2/1952,0.11,386
1/3/1952,-0.1,387
1/4/1952,0.02,388
1/5/1952,-0.02,389
1/6/1952,-0.04,390
1/7/1952,0.04,391
1/8/1952,0.04,392
1/9/1952,0.07,393
1/10/1952,-0.01,394
1/11/1952,-0.14,395
1/12/1952,-0.01,396
1/1/1953,0.08,397
1/2/1953,0.14,398
1/3/1953,0.11,399
1/4/1953,0.18,400
1/5/1953,0.09,401
1/6/1953,0.1,402
1/7/1953,0,403
1/8/1953,0.06,404
1/9/1953,0.04,405
1/10/1953,0.06,406
1/11/1953,-0.06,407
1/12/1953,0.02,408
1/1/1954,-0.28,409
1/2/1954,-0.13,410
1/3/1954,-0.15,411
1/4/1954,-0.17,412
1/5/1954,-0.21,413
1/6/1954,-0.17,414
1/7/1954,-0.19,415
1/8/1954,-0.17,416
1/9/1954,-0.1,417
1/10/1954,-0.04,418
1/11/1954,0.06,419
1/12/1954,-0.22,420
1/1/1955,0.14,421
1/2/1955,-0.17,422
1/3/1955,-0.34,423
1/4/1955,-0.21,424
1/5/1955,-0.21,425
1/6/1955,-0.12,426
1/7/1955,-0.12,427
1/8/1955,0.01,428
1/9/1955,-0.11,429
1/10/1955,-0.05,430
1/11/1955,-0.24,431
1/12/1955,-0.3,432
1/1/1956,-0.16,433
1/2/1956,-0.26,434
1/3/1956,-0.23,435
1/4/1956,-0.27,436
1/5/1956,-0.31,437
1/6/1956,-0.16,438
1/7/1956,-0.12,439
1/8/1956,-0.26,440
1/9/1956,-0.2,441
1/10/1956,-0.24,442
1/11/1956,-0.17,443
1/12/1956,-0.08,444
1/1/1957,-0.11,445
1/2/1957,-0.04,446
1/3/1957,-0.06,447
1/4/1957,-0.01,448
1/5/1957,0.09,449
1/6/1957,0.16,450
1/7/1957,0.01,451
1/8/1957,0.15,452
1/9/1957,0.09,453
1/10/1957,0.01,454
1/11/1957,0.06,455
1/12/1957,0.16,456
1/1/1958,0.39,457
1/2/1958,0.24,458
1/3/1958,0.11,459
1/4/1958,0.03,460
1/5/1958,0.07,461
1/6/1958,-0.07,462
1/7/1958,0.05,463
1/8/1958,-0.03,464
1/9/1958,-0.02,465
1/10/1958,0.04,466
1/11/1958,0.02,467
1/12/1958,0,468
1/1/1959,0.08,469
1/2/1959,0.09,470
1/3/1959,0.18,471
1/4/1959,0.13,472
1/5/1959,0.04,473
1/6/1959,0.02,474
1/7/1959,0.06,475
1/8/1959,-0.01,476
1/9/1959,-0.06,477
1/10/1959,-0.09,478
1/11/1959,-0.09,479
1/12/1959,-0.01,480
1/1/1960,-0.01,481
1/2/1960,0.16,482
1/3/1960,-0.34,483
1/4/1960,-0.14,484
1/5/1960,-0.07,485
1/6/1960,-0.04,486
1/7/1960,-0.03,487
1/8/1960,0.01,488
1/9/1960,0.07,489
1/10/1960,0.07,490
1/11/1960,-0.12,491
1/12/1960,0.18,492
1/1/1961,0.07,493
1/2/1961,0.19,494
1/3/1961,0.09,495
1/4/1961,0.12,496
1/5/1961,0.11,497
1/6/1961,0.11,498
1/7/1961,0,499
1/8/1961,0.03,500
1/9/1961,0.07,501
1/10/1961,0,502
1/11/1961,0.03,503
1/12/1961,-0.15,504
1/1/1962,0.07,505
1/2/1962,0.14,506
1/3/1962,0.12,507
1/4/1962,0.04,508
1/5/1962,-0.04,509
1/6/1962,0.04,510
1/7/1962,0.02,511
1/8/1962,-0.01,512
1/9/1962,0.01,513
1/10/1962,0,514
1/11/1962,0.07,515
1/12/1962,0,516
1/1/1963,-0.02,517
1/2/1963,0.2,518
1/3/1963,-0.14,519
1/4/1963,-0.06,520
1/5/1963,-0.04,521
1/6/1963,0.05,522
1/7/1963,0.08,523
1/8/1963,0.27,524
1/9/1963,0.2,525
1/10/1963,0.15,526
1/11/1963,0.15,527
1/12/1963,-0.01,528
1/1/1964,-0.08,529
1/2/1964,-0.13,530
1/3/1964,-0.23,531
1/4/1964,-0.31,532
1/5/1964,-0.25,533
1/6/1964,-0.02,534
1/7/1964,-0.03,535
1/8/1964,-0.21,536
1/9/1964,-0.29,537
1/10/1964,-0.31,538
1/11/1964,-0.21,539
1/12/1964,-0.3,540
1/1/1965,-0.08,541
1/2/1965,-0.17,542
1/3/1965,-0.11,543
1/4/1965,-0.19,544
1/5/1965,-0.14,545
1/6/1965,-0.09,546
1/7/1965,-0.12,547
1/8/1965,-0.03,548
1/9/1965,-0.16,549
1/10/1965,-0.05,550
1/11/1965,-0.07,551
1/12/1965,-0.06,552
1/1/1966,-0.17,553
1/2/1966,-0.01,554
1/3/1966,0.05,555
1/4/1966,-0.12,556
1/5/1966,-0.11,557
1/6/1966,0.01,558
1/7/1966,0.09,559
1/8/1966,-0.08,560
1/9/1966,-0.02,561
1/10/1966,-0.15,562
1/11/1966,-0.02,563
1/12/1966,-0.06,564
1/1/1967,-0.06,565
1/2/1967,-0.21,566
1/3/1967,0.04,567
1/4/1967,-0.05,568
1/5/1967,0.14,569
1/6/1967,-0.08,570
1/7/1967,0.01,571
1/8/1967,0.01,572
1/9/1967,-0.06,573
1/10/1967,0.08,574
1/11/1967,-0.07,575
1/12/1967,-0.03,576
1/1/1968,-0.25,577
1/2/1968,-0.15,578
1/3/1968,0.2,579
1/4/1968,-0.06,580
1/5/1968,-0.13,581
1/6/1968,-0.08,582
1/7/1968,-0.12,583
1/8/1968,-0.09,584
1/9/1968,-0.18,585
1/10/1968,0.1,586
1/11/1968,-0.03,587
1/12/1968,-0.13,588
1/1/1969,-0.11,589
1/2/1969,-0.14,590
1/3/1969,0.01,591
1/4/1969,0.18,592
1/5/1969,0.19,593
1/6/1969,0.05,594
1/7/1969,-0.02,595
1/8/1969,0.03,596
1/9/1969,0.09,597
1/10/1969,0.13,598
1/11/1969,0.13,599
1/12/1969,0.27,600
1/1/1970,0.09,601
1/2/1970,0.22,602
1/3/1970,0.08,603
1/4/1970,0.09,604
1/5/1970,-0.04,605
1/6/1970,-0.02,606
1/7/1970,-0.02,607
1/8/1970,-0.09,608
1/9/1970,0.11,609
1/10/1970,0.06,610
1/11/1970,0.02,611
1/12/1970,-0.12,612
1/1/1971,-0.02,613
1/2/1971,-0.2,614
1/3/1971,-0.17,615
1/4/1971,-0.08,616
1/5/1971,-0.05,617
1/6/1971,-0.19,618
1/7/1971,-0.11,619
1/8/1971,-0.03,620
1/9/1971,-0.04,621
1/10/1971,-0.06,622
1/11/1971,-0.05,623
1/12/1971,-0.09,624
1/1/1972,-0.24,625
1/2/1972,-0.17,626
1/3/1972,0.02,627
1/4/1972,0,628
1/5/1972,-0.04,629
1/6/1972,0.06,630
1/7/1972,0.01,631
1/8/1972,0.17,632
1/9/1972,0.02,633
1/10/1972,0.09,634
1/11/1972,0.04,635
1/12/1972,0.2,636
1/1/1973,0.29,637
1/2/1973,0.31,638
1/3/1973,0.27,639
1/4/1973,0.26,640
1/5/1973,0.26,641
1/6/1973,0.18,642
1/7/1973,0.1,643
1/8/1973,0.03,644
1/9/1973,0.1,645
1/10/1973,0.14,646
1/11/1973,0.06,647
1/12/1973,-0.06,648
1/1/1974,-0.15,649
1/2/1974,-0.28,650
1/3/1974,-0.05,651
1/4/1974,-0.11,652
1/5/1974,-0.02,653
1/6/1974,-0.06,654
1/7/1974,-0.04,655
1/8/1974,0.11,656
1/9/1974,-0.11,657
1/10/1974,-0.08,658
1/11/1974,-0.07,659
1/12/1974,-0.09,660
1/1/1975,0.07,661
1/2/1975,0.07,662
1/3/1975,0.13,663
1/4/1975,0.05,664
1/5/1975,0.16,665
1/6/1975,0.01,666
1/7/1975,-0.01,667
1/8/1975,-0.19,668
1/9/1975,-0.03,669
1/10/1975,-0.09,670
1/11/1975,-0.16,671
1/12/1975,-0.17,672
1/1/1976,-0.01,673
1/2/1976,-0.06,674
1/3/1976,-0.21,675
1/4/1976,-0.08,676
1/5/1976,-0.24,677
1/6/1976,-0.16,678
1/7/1976,-0.1,679
1/8/1976,-0.14,680
1/9/1976,-0.09,681
1/10/1976,-0.26,682
1/11/1976,-0.04,683
1/12/1976,0.1,684
1/1/1977,0.19,685
1/2/1977,0.22,686
1/3/1977,0.25,687
1/4/1977,0.28,688
1/5/1977,0.3,689
1/6/1977,0.24,690
1/7/1977,0.2,691
1/8/1977,0.16,692
1/9/1977,0,693
1/10/1977,0.02,694
1/11/1977,0.17,695
1/12/1977,0.02,696
1/1/1978,0.06,697
1/2/1978,0.14,698
1/3/1978,0.21,699
1/4/1978,0.15,700
1/5/1978,0.06,701
1/6/1978,-0.02,702
1/7/1978,0.03,703
1/8/1978,-0.17,704
1/9/1978,0.05,705
1/10/1978,0,706
1/11/1978,0.16,707
1/12/1978,0.1,708
1/1/1979,0.12,709
1/2/1979,-0.11,710
1/3/1979,0.18,711
1/4/1979,0.13,712
1/5/1979,0.05,713
1/6/1979,0.13,714
1/7/1979,0.02,715
1/8/1979,0.14,716
1/9/1979,0.25,717
1/10/1979,0.24,718
1/11/1979,0.28,719
1/12/1979,0.47,720
1/1/1980,0.3,721
1/2/1980,0.42,722
1/3/1980,0.3,723
1/4/1980,0.33,724
1/5/1980,0.36,725
1/6/1980,0.17,726
1/7/1980,0.28,727
1/8/1980,0.23,728
1/9/1980,0.19,729
1/10/1980,0.18,730
1/11/1980,0.29,731
1/12/1980,0.2,732
1/1/1981,0.55,733
1/2/1981,0.41,734
1/3/1981,0.49,735
1/4/1981,0.32,736
1/5/1981,0.24,737
1/6/1981,0.32,738
1/7/1981,0.34,739
1/8/1981,0.32,740
1/9/1981,0.17,741
1/10/1981,0.14,742
1/11/1981,0.24,743
1/12/1981,0.43,744
1/1/1982,0.1,745
1/2/1982,0.15,746
1/3/1982,-0.01,747
1/4/1982,0.1,748
1/5/1982,0.15,749
1/6/1982,0.05,750
1/7/1982,0.13,751
1/8/1982,0.07,752
1/9/1982,0.14,753
1/10/1982,0.13,754
1/11/1982,0.15,755
1/12/1982,0.43,756
1/1/1983,0.52,757
1/2/1983,0.41,758
1/3/1983,0.43,759
1/4/1983,0.31,760
1/5/1983,0.36,761
1/6/1983,0.2,762
1/7/1983,0.18,763
1/8/1983,0.33,764
1/9/1983,0.39,765
1/10/1983,0.16,766
1/11/1983,0.32,767
1/12/1983,0.17,768
1/1/1984,0.3,769
1/2/1984,0.17,770
1/3/1984,0.29,771
1/4/1984,0.08,772
1/5/1984,0.33,773
1/6/1984,0.05,774
1/7/1984,0.17,775
1/8/1984,0.16,776
1/9/1984,0.21,777
1/10/1984,0.16,778
1/11/1984,0.06,779
1/12/1984,-0.05,780
1/1/1985,0.22,781
1/2/1985,-0.06,782
1/3/1985,0.17,783
1/4/1985,0.11,784
1/5/1985,0.17,785
1/6/1985,0.18,786
1/7/1985,-0.01,787
1/8/1985,0.15,788
1/9/1985,0.15,789
1/10/1985,0.11,790
1/11/1985,0.08,791
1/12/1985,0.15,792
1/1/1986,0.28,793
1/2/1986,0.39,794
1/3/1986,0.27,795
1/4/1986,0.24,796
1/5/1986,0.24,797
1/6/1986,0.11,798
1/7/1986,0.11,799
1/8/1986,0.12,800
1/9/1986,0,801
1/10/1986,0.13,802
1/11/1986,0.11,803
1/12/1986,0.16,804
1/1/1987,0.36,805
1/2/1987,0.46,806
1/3/1987,0.16,807
1/4/1987,0.22,808
1/5/1987,0.25,809
1/6/1987,0.37,810
1/7/1987,0.45,811
1/8/1987,0.28,812
1/9/1987,0.39,813
1/10/1987,0.32,814
1/11/1987,0.25,815
1/12/1987,0.48,816
1/1/1988,0.58,817
1/2/1988,0.43,818
1/3/1988,0.51,819
1/4/1988,0.45,820
1/5/1988,0.43,821
1/6/1988,0.43,822
1/7/1988,0.34,823
1/8/1988,0.47,824
1/9/1988,0.41,825
1/10/1988,0.39,826
1/11/1988,0.12,827
1/12/1988,0.33,828
1/1/1989,0.15,829
1/2/1989,0.35,830
1/3/1989,0.36,831
1/4/1989,0.33,832
1/5/1989,0.16,833
1/6/1989,0.14,834
1/7/1989,0.34,835
1/8/1989,0.37,836
1/9/1989,0.37,837
1/10/1989,0.32,838
1/11/1989,0.2,839
1/12/1989,0.38,840
1/1/1990,0.41,841
1/2/1990,0.41,842
1/3/1990,0.77,843
1/4/1990,0.55,844
1/5/1990,0.46,845
1/6/1990,0.38,846
1/7/1990,0.43,847
1/8/1990,0.31,848
1/9/1990,0.29,849
1/10/1990,0.41,850
1/11/1990,0.46,851
1/12/1990,0.41,852
1/1/1991,0.41,853
1/2/1991,0.49,854
1/3/1991,0.35,855
1/4/1991,0.52,856
1/5/1991,0.38,857
1/6/1991,0.53,858
1/7/1991,0.48,859
1/8/1991,0.4,860
1/9/1991,0.48,861
1/10/1991,0.3,862
1/11/1991,0.31,863
1/12/1991,0.32,864
1/1/1992,0.44,865
1/2/1992,0.42,866
1/3/1992,0.48,867
1/4/1992,0.24,868
1/5/1992,0.32,869
1/6/1992,0.25,870
1/7/1992,0.12,871
1/8/1992,0.07,872
1/9/1992,0,873
1/10/1992,0.09,874
1/11/1992,0.03,875
1/12/1992,0.22,876
1/1/1993,0.37,877
1/2/1993,0.39,878
1/3/1993,0.36,879
1/4/1993,0.27,880
1/5/1993,0.27,881
1/6/1993,0.25,882
1/7/1993,0.28,883
1/8/1993,0.13,884
1/9/1993,0.1,885
1/10/1993,0.22,886
1/11/1993,0.06,887
1/12/1993,0.16,888
1/1/1994,0.27,889
1/2/1994,0.02,890
1/3/1994,0.27,891
1/4/1994,0.4,892
1/5/1994,0.28,893
1/6/1994,0.42,894
1/7/1994,0.3,895
1/8/1994,0.21,896
1/9/1994,0.29,897
1/10/1994,0.41,898
1/11/1994,0.46,899
1/12/1994,0.36,900
1/1/1995,0.51,901
1/2/1995,0.78,902
1/3/1995,0.45,903
1/4/1995,0.47,904
1/5/1995,0.26,905
1/6/1995,0.41,906
1/7/1995,0.48,907
1/8/1995,0.46,908
1/9/1995,0.32,909
1/10/1995,0.47,910
1/11/1995,0.45,911
1/12/1995,0.28,912
1/1/1996,0.25,913
1/2/1996,0.48,914
1/3/1996,0.32,915
1/4/1996,0.36,916
1/5/1996,0.27,917
1/6/1996,0.25,918
1/7/1996,0.35,919
1/8/1996,0.49,920
1/9/1996,0.25,921
1/10/1996,0.19,922
1/11/1996,0.41,923
1/12/1996,0.4,924
1/1/1997,0.31,925
1/2/1997,0.38,926
1/3/1997,0.53,927
1/4/1997,0.36,928
1/5/1997,0.36,929
1/6/1997,0.53,930
1/7/1997,0.35,931
1/8/1997,0.41,932
1/9/1997,0.53,933
1/10/1997,0.62,934
1/11/1997,0.65,935
1/12/1997,0.59,936
1/1/1998,0.6,937
1/2/1998,0.9,938
1/3/1998,0.63,939
1/4/1998,0.63,940
1/5/1998,0.69,941
1/6/1998,0.77,942
1/7/1998,0.68,943
1/8/1998,0.66,944
1/9/1998,0.42,945
1/10/1998,0.44,946
1/11/1998,0.49,947
1/12/1998,0.56,948
1/1/1999,0.48,949
1/2/1999,0.65,950
1/3/1999,0.34,951
1/4/1999,0.32,952
1/5/1999,0.31,953
1/6/1999,0.37,954
1/7/1999,0.37,955
1/8/1999,0.31,956
1/9/1999,0.41,957
1/10/1999,0.39,958
1/11/1999,0.38,959
1/12/1999,0.43,960
1/1/2000,0.23,961
1/2/2000,0.56,962
1/3/2000,0.57,963
1/4/2000,0.57,964
1/5/2000,0.36,965
1/6/2000,0.41,966
1/7/2000,0.38,967
1/8/2000,0.42,968
1/9/2000,0.4,969
1/10/2000,0.28,970
1/11/2000,0.32,971
1/12/2000,0.29,972
1/1/2001,0.42,973
1/2/2001,0.43,974
1/3/2001,0.55,975
1/4/2001,0.5,976
1/5/2001,0.56,977
1/6/2001,0.54,978
1/7/2001,0.6,979
1/8/2001,0.48,980
1/9/2001,0.53,981
1/10/2001,0.5,982
1/11/2001,0.69,983
1/12/2001,0.55,984
1/1/2002,0.75,985
1/2/2002,0.75,986
1/3/2002,0.89,987
1/4/2002,0.56,988
1/5/2002,0.63,989
1/6/2002,0.55,990
1/7/2002,0.61,991
1/8/2002,0.53,992
1/9/2002,0.62,993
1/10/2002,0.55,994
1/11/2002,0.58,995
1/12/2002,0.43,996
1/1/2003,0.73,997
1/2/2003,0.55,998
1/3/2003,0.57,999
1/4/2003,0.53,1000
1/5/2003,0.6,1001
1/6/2003,0.47,1002
1/7/2003,0.53,1003
1/8/2003,0.65,1004
1/9/2003,0.64,1005
1/10/2003,0.74,1006
1/11/2003,0.52,1007
1/12/2003,0.73,1008
1/1/2004,0.58,1009
1/2/2004,0.72,1010
1/3/2004,0.64,1011
1/4/2004,0.62,1012
1/5/2004,0.38,1013
1/6/2004,0.42,1014
1/7/2004,0.24,1015
1/8/2004,0.43,1016
1/9/2004,0.5,1017
1/10/2004,0.64,1018
1/11/2004,0.7,1019
1/12/2004,0.51,1020
1/1/2005,0.72,1021
1/2/2005,0.57,1022
1/3/2005,0.69,1023
1/4/2005,0.66,1024
1/5/2005,0.62,1025
1/6/2005,0.66,1026
1/7/2005,0.63,1027
1/8/2005,0.6,1028
1/9/2005,0.74,1029
1/10/2005,0.75,1030
1/11/2005,0.71,1031
1/12/2005,0.65,1032
1/1/2006,0.56,1033
1/2/2006,0.69,1034
1/3/2006,0.62,1035
1/4/2006,0.5,1036
1/5/2006,0.46,1037
1/6/2006,0.64,1038
1/7/2006,0.52,1039
1/8/2006,0.7,1040
1/9/2006,0.61,1041
1/10/2006,0.67,1042
1/11/2006,0.7,1043
1/12/2006,0.73,1044
1/1/2007,0.95,1045
1/2/2007,0.7,1046
1/3/2007,0.69,1047
1/4/2007,0.73,1048
1/5/2007,0.66,1049
1/6/2007,0.59,1050
1/7/2007,0.6,1051
1/8/2007,0.57,1052
1/9/2007,0.59,1053
1/10/2007,0.57,1054
1/11/2007,0.54,1055
1/12/2007,0.46,1056
1/1/2008,0.23,1057
1/2/2008,0.34,1058
1/3/2008,0.73,1059
1/4/2008,0.51,1060
1/5/2008,0.47,1061
1/6/2008,0.46,1062
1/7/2008,0.59,1063
1/8/2008,0.44,1064
1/9/2008,0.62,1065
1/10/2008,0.63,1066
1/11/2008,0.64,1067
1/12/2008,0.53,1068
1/1/2009,0.61,1069
1/2/2009,0.51,1070
1/3/2009,0.52,1071
1/4/2009,0.58,1072
1/5/2009,0.64,1073
1/6/2009,0.65,1074
1/7/2009,0.69,1075
1/8/2009,0.66,1076
1/9/2009,0.68,1077
1/10/2009,0.63,1078
1/11/2009,0.76,1079
1/12/2009,0.65,1080
1/1/2010,0.73,1081
1/2/2010,0.79,1082
1/3/2010,0.91,1083
1/4/2010,0.85,1084
1/5/2010,0.73,1085
1/6/2010,0.62,1086
1/7/2010,0.59,1087
1/8/2010,0.63,1088
1/9/2010,0.59,1089
1/10/2010,0.69,1090
1/11/2010,0.77,1091
1/12/2010,0.46,1092
1/1/2011,0.48,1093
1/2/2011,0.51,1094
1/3/2011,0.62,1095
1/4/2011,0.62,1096
1/5/2011,0.51,1097
1/6/2011,0.57,1098
1/7/2011,0.71,1099
1/8/2011,0.71,1100
1/9/2011,0.54,1101
1/10/2011,0.63,1102
1/11/2011,0.56,1103
1/12/2011,0.53,1104
1/1/2012,0.45,1105
1/2/2012,0.48,1106
1/3/2012,0.56,1107
1/4/2012,0.68,1108
1/5/2012,0.75,1109
1/6/2012,0.63,1110
1/7/2012,0.53,1111
1/8/2012,0.62,1112
1/9/2012,0.72,1113
1/10/2012,0.74,1114
1/11/2012,0.73,1115
1/12/2012,0.52,1116
1/1/2013,0.67,1117
1/2/2013,0.56,1118
1/3/2013,0.65,1119
1/4/2013,0.53,1120
1/5/2013,0.58,1121
1/6/2013,0.66,1122
1/7/2013,0.57,1123
1/8/2013,0.66,1124
1/9/2013,0.78,1125
1/10/2013,0.67,1126
1/11/2013,0.78,1127
1/12/2013,0.65,1128
1/1/2014,0.73,1129
1/2/2014,0.52,1130
1/3/2014,0.76,1131
1/4/2014,0.77,1132
1/5/2014,0.85,1133
1/6/2014,0.66,1134
1/7/2014,0.56,1135
1/8/2014,0.81,1136
1/9/2014,0.88,1137
1/10/2014,0.81,1138
1/11/2014,0.66,1139
1/12/2014,0.77,1140
1/1/2015,0.81,1141
1/2/2015,0.87,1142
1/3/2015,0.9,1143
1/4/2015,0.75,1144
1/5/2015,0.75,1145
1/6/2015,0.79,1146
1/7/2015,0.71,1147
1/8/2015,0.79,1148
1/9/2015,0.82,1149
1/10/2015,1.07,1150
1/11/2015,1.03,1151
1/12/2015,1.1,1152
1/1/2016,1.15,1153
1/2/2016,1.35,1154
1/3/2016,1.31,1155
1/4/2016,1.07,1156
1/5/2016,0.91,1157
1/6/2016,0.77,1158
1/7/2016,0.82,1159
1/8/2016,1,1160
1/9/2016,0.88,1161
1/10/2016,0.9,1162
1/11/2016,0.91,1163
1/12/2016,0.83,1164
1/1/2017,0.98,1165
1/2/2017,1.13,1166
1/3/2017,1.13,1167
1/4/2017,0.92,1168
1/5/2017,0.89,1169
1/6/2017,0.7,1170
1/7/2017,0.82,1171
1/8/2017,0.87,1172
1/9/2017,0.76,1173
1/10/2017,0.88,1174
1/11/2017,0.86,1175
1/12/2017,0.89,1176
1/1/2018,0.77,1177
1/2/2018,0.85,1178
1/3/2018,0.91,1179
1/4/2018,0.87,1180
1/5/2018,0.81,1181
1/6/2018,0.74,1182
1/7/2018,0.78,1183
1/8/2018,0.73,1184
1/9/2018,0.76,1185
1/10/2018,0.99,1186
1/11/2018,0.78,1187
1/12/2018,0.89,1188
1/1/2019,0.87,1189
1/2/2019,0.92,1190
1/3/2019,1.11,1191
1/4/2019,0.97,1192
1/5/2019,0.85,1193
1/6/2019,0.86,1194
1/7/2019,0.9,1195
1/8/2019,0,1196
1/9/2019,0,1197
1/10/2019,0,1198
1/11/2019,0,1199
1/12/2019,0,1200
